run_timestamp,experiment_id,model,area,history_or_lags,train_period,validation_period,test_period,evaluated_on,parameters,MAE,RMSE,MAPE,training_time_seconds,inference_time_seconds,observation,next_decision
2026-09-09 22:12:19+0200,BASE-PERS-VAL,Persistence,5161,x(t-1),n/a (no fitting),2013-12-09 00:00..2013-12-15 23:50,not evaluated at this step,validation,0,116.83331833232792,175.19060606040554,9.463038533936654,0.0,2.400018274784088e-06,no fitted parameters; x(t-1),retain as reference for all models
2026-09-09 22:12:19+0200,BASE-PERS-VAL,Persistence,5059,x(t-1),n/a (no fitting),2013-12-09 00:00..2013-12-15 23:50,not evaluated at this step,validation,0,99.90034647355326,145.75294809475045,8.345066906517046,0.0,2.299901098012924e-06,no fitted parameters; x(t-1),retain as reference for all models
2026-09-09 22:12:19+0200,BASE-PERS-VAL,Persistence,5259,x(t-1),n/a (no fitting),2013-12-09 00:00..2013-12-15 23:50,not evaluated at this step,validation,0,89.94505688357388,132.19913119279792,7.760571093828898,0.0,2.299901098012924e-06,no fitted parameters; x(t-1),retain as reference for all models
2026-09-09 22:12:19+0200,BASE-DAIL-VAL,Daily seasonal naive,5161,x(t-144),n/a (no fitting),2013-12-09 00:00..2013-12-15 23:50,not evaluated at this step,validation,0,294.89422973284525,525.493496085255,18.33355937569829,0.0,2.400018274784088e-06,no fitted parameters; x(t-144),retain as reference for all models
2026-09-09 22:12:19+0200,BASE-DAIL-VAL,Daily seasonal naive,5059,x(t-144),n/a (no fitting),2013-12-09 00:00..2013-12-15 23:50,not evaluated at this step,validation,0,213.4478084750257,307.9601229364031,17.789250454087604,0.0,2.299901098012924e-06,no fitted parameters; x(t-144),retain as reference for all models
2026-09-09 22:12:19+0200,BASE-DAIL-VAL,Daily seasonal naive,5259,x(t-144),n/a (no fitting),2013-12-09 00:00..2013-12-15 23:50,not evaluated at this step,validation,0,513.0996791304631,898.810860622281,66.7972983366012,0.0,2.299901098012924e-06,no fitted parameters; x(t-144),retain as reference for all models
2026-09-09 22:12:19+0200,BASE-WEEK-VAL,Weekly seasonal naive,5161,x(t-1008),n/a (no fitting),2013-12-09 00:00..2013-12-15 23:50,not evaluated at this step,validation,0,214.32046147840003,320.083397983409,15.691463920582896,0.0,2.299901098012924e-06,no fitted parameters; x(t-1008),retain as reference for all models
2026-09-09 22:12:19+0200,BASE-WEEK-VAL,Weekly seasonal naive,5059,x(t-1008),n/a (no fitting),2013-12-09 00:00..2013-12-15 23:50,not evaluated at this step,validation,0,203.36707884495448,300.4152464770177,13.85617466991893,0.0,2.299901098012924e-06,no fitted parameters; x(t-1008),retain as reference for all models
2026-09-09 22:12:19+0200,BASE-WEEK-VAL,Weekly seasonal naive,5259,x(t-1008),n/a (no fitting),2013-12-09 00:00..2013-12-15 23:50,not evaluated at this step,validation,0,184.7826329921621,295.7110758956114,14.518006687235076,0.0,2.299901098012924e-06,no fitted parameters; x(t-1008),retain as reference for all models
2026-09-09 22:12:19+0200,BASE-PERS-TES,Persistence,5161,x(t-1),n/a (no fitting),2013-12-09 00:00..2013-12-15 23:50,2013-12-16 00:00..2013-12-22 23:50,test,0,92.80192117716444,134.8777452283361,9.194349336349749,0.0,2.0996667444705963e-06,no fitted parameters; x(t-1),retain as reference for all models
2026-09-09 22:12:19+0200,BASE-PERS-TES,Persistence,5059,x(t-1),n/a (no fitting),2013-12-09 00:00..2013-12-15 23:50,2013-12-16 00:00..2013-12-22 23:50,test,0,81.51690315653659,114.37504616220302,7.959073944387139,0.0,2.0996667444705963e-06,no fitted parameters; x(t-1),retain as reference for all models
2026-09-09 22:12:19+0200,BASE-PERS-TES,Persistence,5259,x(t-1),n/a (no fitting),2013-12-09 00:00..2013-12-15 23:50,2013-12-16 00:00..2013-12-22 23:50,test,0,75.96750064597775,109.57840052957248,8.114780486639832,0.0,2.0996667444705963e-06,no fitted parameters; x(t-1),retain as reference for all models
2026-09-09 22:12:19+0200,BASE-DAIL-TES,Daily seasonal naive,5161,x(t-144),n/a (no fitting),2013-12-09 00:00..2013-12-15 23:50,2013-12-16 00:00..2013-12-22 23:50,test,0,338.5937142223651,619.0400390116254,25.939769463233965,0.0,5.6996941566467285e-06,no fitted parameters; x(t-144),retain as reference for all models
2026-09-09 22:12:19+0200,BASE-DAIL-TES,Daily seasonal naive,5059,x(t-144),n/a (no fitting),2013-12-09 00:00..2013-12-15 23:50,2013-12-16 00:00..2013-12-22 23:50,test,0,171.73574186006093,245.8701801812716,18.01854236211829,0.0,2.0996667444705963e-06,no fitted parameters; x(t-144),retain as reference for all models
2026-09-09 22:12:19+0200,BASE-DAIL-TES,Daily seasonal naive,5259,x(t-144),n/a (no fitting),2013-12-09 00:00..2013-12-15 23:50,2013-12-16 00:00..2013-12-22 23:50,test,0,470.3205250722175,861.6205850312571,71.62103022397255,0.0,2.0996667444705963e-06,no fitted parameters; x(t-144),retain as reference for all models
2026-09-09 22:12:19+0200,BASE-WEEK-TES,Weekly seasonal naive,5161,x(t-1008),n/a (no fitting),2013-12-09 00:00..2013-12-15 23:50,2013-12-16 00:00..2013-12-22 23:50,test,0,300.7502293956425,432.9547410733336,28.96892502405188,0.0,2.0996667444705963e-06,no fitted parameters; x(t-1008),retain as reference for all models
2026-09-09 22:12:19+0200,BASE-WEEK-TES,Weekly seasonal naive,5059,x(t-1008),n/a (no fitting),2013-12-09 00:00..2013-12-15 23:50,2013-12-16 00:00..2013-12-22 23:50,test,0,259.9500197621168,361.1203758179944,25.73142350540004,0.0,2.0996667444705963e-06,no fitted parameters; x(t-1008),retain as reference for all models
2026-09-09 22:12:19+0200,BASE-WEEK-TES,Weekly seasonal naive,5259,x(t-1008),n/a (no fitting),2013-12-09 00:00..2013-12-15 23:50,2013-12-16 00:00..2013-12-22 23:50,test,0,210.24099618411023,289.49546435268934,28.56316303692157,0.0,2.0996667444705963e-06,no fitted parameters; x(t-1008),retain as reference for all models
2026-09-09 22:12:19+0200,AR-1,Selected-Lag Autoregressive Model,5161,recent short-term lags (1 hour) | lags=1-6,2013-11-01 00:00..2013-12-08 23:50,2013-12-09 00:00..2013-12-15 23:50,not evaluated at this step,validation,7,112.03741987346366,166.52682760412873,9.782540112968816,0.0003410000354051,3.719981759786606e-05,cond(X)=7.460e+03 rank=7,compare candidates by mean validation MAE
2026-09-09 22:12:19+0200,AR-1,Selected-Lag Autoregressive Model,5059,recent short-term lags (1 hour) | lags=1-6,2013-11-01 00:00..2013-12-08 23:50,2013-12-09 00:00..2013-12-15 23:50,not evaluated at this step,validation,7,101.75950134952544,142.3216579747246,8.781062897862553,0.000306200236082,3.71001660823822e-05,cond(X)=7.071e+03 rank=7,compare candidates by mean validation MAE
2026-09-09 22:12:19+0200,AR-1,Selected-Lag Autoregressive Model,5259,recent short-term lags (1 hour) | lags=1-6,2013-11-01 00:00..2013-12-08 23:50,2013-12-09 00:00..2013-12-15 23:50,not evaluated at this step,validation,7,82.86245147958732,121.18785331974752,7.337159775399374,0.0003030998632311,3.860006108880043e-05,cond(X)=6.714e+03 rank=7,compare candidates by mean validation MAE
2026-09-09 22:12:19+0200,AR-2,Selected-Lag Autoregressive Model,5161,one complete 144-step daily window | lags=1-144,2013-11-01 00:00..2013-12-08 23:50,2013-12-09 00:00..2013-12-15 23:50,not evaluated at this step,validation,145,107.05406056396946,153.06865972467168,10.283772432643335,0.0349349998869001,0.0011106999590992,cond(X)=1.022e+05 rank=145,compare candidates by mean validation MAE
2026-09-09 22:12:19+0200,AR-2,Selected-Lag Autoregressive Model,5059,one complete 144-step daily window | lags=1-144,2013-11-01 00:00..2013-12-08 23:50,2013-12-09 00:00..2013-12-15 23:50,not evaluated at this step,validation,145,87.6268134689388,124.5264771264614,7.869609562999832,0.0452127000316977,0.0011726999655365,cond(X)=1.541e+05 rank=145,compare candidates by mean validation MAE
2026-09-09 22:12:19+0200,AR-2,Selected-Lag Autoregressive Model,5259,one complete 144-step daily window | lags=1-144,2013-11-01 00:00..2013-12-08 23:50,2013-12-09 00:00..2013-12-15 23:50,not evaluated at this step,validation,145,79.92855168810375,115.7706149179582,7.609025238752684,0.052679100073874,0.0011012000031769,cond(X)=5.433e+04 rank=145,compare candidates by mean validation MAE
2026-09-09 22:12:19+0200,AR-3,Selected-Lag Autoregressive Model,5161,"AR-1 short-term lags + selected daily seasonal lags | lags=1,2,3,4,5,6,143,144,145,287,288,289",2013-11-01 00:00..2013-12-08 23:50,2013-12-09 00:00..2013-12-15 23:50,not evaluated at this step,validation,13,106.06415168744006,158.61604577250984,8.49376962360409,0.0007341001182794,4.54997643828392e-05,cond(X)=1.058e+04 rank=13,compare candidates by mean validation MAE
2026-09-09 22:12:19+0200,AR-3,Selected-Lag Autoregressive Model,5059,"AR-1 short-term lags + selected daily seasonal lags | lags=1,2,3,4,5,6,143,144,145,287,288,289",2013-11-01 00:00..2013-12-08 23:50,2013-12-09 00:00..2013-12-15 23:50,not evaluated at this step,validation,13,93.8715312648363,135.33901035771586,7.98228429382371,0.000673099886626,4.430022090673447e-05,cond(X)=1.019e+04 rank=13,compare candidates by mean validation MAE
2026-09-09 22:12:19+0200,AR-3,Selected-Lag Autoregressive Model,5259,"AR-1 short-term lags + selected daily seasonal lags | lags=1,2,3,4,5,6,143,144,145,287,288,289",2013-11-01 00:00..2013-12-08 23:50,2013-12-09 00:00..2013-12-15 23:50,not evaluated at this step,validation,13,81.50641639291459,117.94533958348894,7.532878134155771,0.000643900129944,4.529999569058418e-05,cond(X)=1.043e+04 rank=13,compare candidates by mean validation MAE
2026-09-09 22:12:19+0200,AR-4,Selected-Lag Autoregressive Model,5161,"AR-3 + weekly lags | lags=1,2,3,4,5,6,143,144,145,287,288,289,1007,1008,1009",2013-11-01 00:00..2013-12-08 23:50,2013-12-09 00:00..2013-12-15 23:50,not evaluated at this step,validation,16,97.54415285584795,148.72239784110386,7.8694927810087965,0.0014740000478923,4.900014027953148e-05,cond(X)=1.186e+04 rank=16,compare candidates by mean validation MAE
2026-09-09 22:12:19+0200,AR-4,Selected-Lag Autoregressive Model,5059,"AR-3 + weekly lags | lags=1,2,3,4,5,6,143,144,145,287,288,289,1007,1008,1009",2013-11-01 00:00..2013-12-08 23:50,2013-12-09 00:00..2013-12-15 23:50,not evaluated at this step,validation,16,90.62954876320904,134.3330547585817,7.277814870120887,0.0014094999060034,4.970002919435501e-05,cond(X)=1.139e+04 rank=16,compare candidates by mean validation MAE
2026-09-09 22:12:19+0200,AR-4,Selected-Lag Autoregressive Model,5259,"AR-3 + weekly lags | lags=1,2,3,4,5,6,143,144,145,287,288,289,1007,1008,1009",2013-11-01 00:00..2013-12-08 23:50,2013-12-09 00:00..2013-12-15 23:50,not evaluated at this step,validation,16,78.82643578070406,114.39975389861792,7.136351400418888,0.0014485004357993,4.900014027953148e-05,cond(X)=1.172e+04 rank=16,compare candidates by mean validation MAE
2026-09-09 22:12:19+0200,AR-FINAL,Selected-Lag Autoregressive Model,5161,frozen AR-4 | AR-3 + weekly lags,2013-11-01 00:00..2013-12-08 23:50,2013-12-09 00:00..2013-12-15 23:50,2013-12-16 00:00..2013-12-22 23:50,test,16,87.94092563903183,129.019076275182,9.059278128101646,0.0012904000468552,7.090019062161446e-05,selected by mean validation MAE; final test metrics not used for selection,compare against LSTM and TCN in a later stage
2026-09-09 22:12:19+0200,AR-FINAL,Selected-Lag Autoregressive Model,5059,frozen AR-4 | AR-3 + weekly lags,2013-11-01 00:00..2013-12-08 23:50,2013-12-09 00:00..2013-12-15 23:50,2013-12-16 00:00..2013-12-22 23:50,test,16,91.56311319947164,127.52652707592073,9.265782728191336,0.0016348999924957,7.160007953643799e-05,selected by mean validation MAE; final test metrics not used for selection,compare against LSTM and TCN in a later stage
2026-09-09 22:12:19+0200,AR-FINAL,Selected-Lag Autoregressive Model,5259,frozen AR-4 | AR-3 + weekly lags,2013-11-01 00:00..2013-12-08 23:50,2013-12-09 00:00..2013-12-15 23:50,2013-12-16 00:00..2013-12-22 23:50,test,16,65.80211155459602,92.37623154587315,7.610335286178402,0.0018585999496281,7.080007344484329e-05,selected by mean validation MAE; final test metrics not used for selection,compare against LSTM and TCN in a later stage
2026-09-09 22:33:14+0200,LSTM-A1,LSTM (PyTorch),5161,"seq_len=36, hidden=32, 1 layer",2013-11-01 00:00..2013-12-08 23:50,2013-12-09 00:00..2013-12-15 23:50,not evaluated at this step,validation,4513,104.63354195668892,154.91003043164923,9.08704867161924,27.73980870004744,0.0104705998674035,epochs=35 best_epoch=25 best_val_loss=0.012426 train_samples=5436,select on mean validation MAE
2026-09-09 22:33:14+0200,LSTM-A1,LSTM (PyTorch),5059,"seq_len=36, hidden=32, 1 layer",2013-11-01 00:00..2013-12-08 23:50,2013-12-09 00:00..2013-12-15 23:50,not evaluated at this step,validation,4513,93.12569983957182,133.46003624273797,8.104472261622785,15.367393599823115,0.0093718999996781,epochs=25 best_epoch=15 best_val_loss=0.019463 train_samples=5436,select on mean validation MAE
2026-09-09 22:33:14+0200,LSTM-A1,LSTM (PyTorch),5259,"seq_len=36, hidden=32, 1 layer",2013-11-01 00:00..2013-12-08 23:50,2013-12-09 00:00..2013-12-15 23:50,not evaluated at this step,validation,4513,76.21857273588438,109.2193414168516,7.041865740039978,20.99888620013371,0.0110251000151038,epochs=34 best_epoch=24 best_val_loss=0.009522 train_samples=5436,select on mean validation MAE
2026-09-09 22:33:14+0200,LSTM-A2,LSTM (PyTorch),5161,"seq_len=72, hidden=32, 1 layer",2013-11-01 00:00..2013-12-08 23:50,2013-12-09 00:00..2013-12-15 23:50,not evaluated at this step,validation,4513,107.3573934969891,154.43150178538545,10.454937707654894,34.55018150014803,0.0178074999712407,epochs=35 best_epoch=25 best_val_loss=0.012349 train_samples=5400,select on mean validation MAE
2026-09-09 22:33:14+0200,LSTM-A2,LSTM (PyTorch),5059,"seq_len=72, hidden=32, 1 layer",2013-11-01 00:00..2013-12-08 23:50,2013-12-09 00:00..2013-12-15 23:50,not evaluated at this step,validation,4513,93.06814062716356,133.055403091243,7.817604564400617,52.214855200145394,0.0178890000097453,epochs=53 best_epoch=43 best_val_loss=0.019345 train_samples=5400,select on mean validation MAE
2026-09-09 22:33:14+0200,LSTM-A2,LSTM (PyTorch),5259,"seq_len=72, hidden=32, 1 layer",2013-11-01 00:00..2013-12-08 23:50,2013-12-09 00:00..2013-12-15 23:50,not evaluated at this step,validation,4513,76.38765416617528,110.33105087026782,7.060992985551834,38.45595630025491,0.0159729998558759,epochs=39 best_epoch=29 best_val_loss=0.009717 train_samples=5400,select on mean validation MAE
2026-09-09 22:33:14+0200,LSTM-A3,LSTM (PyTorch),5161,"seq_len=144, hidden=32, 1 layer",2013-11-01 00:00..2013-12-08 23:50,2013-12-09 00:00..2013-12-15 23:50,not evaluated at this step,validation,4513,104.63737673215373,152.78731311630514,9.525771917412882,50.027080399915576,0.0470039998181164,epochs=28 best_epoch=18 best_val_loss=0.012087 train_samples=5328,select on mean validation MAE
2026-09-09 22:33:14+0200,LSTM-A3,LSTM (PyTorch),5059,"seq_len=144, hidden=32, 1 layer",2013-11-01 00:00..2013-12-08 23:50,2013-12-09 00:00..2013-12-15 23:50,not evaluated at this step,validation,4513,95.0906492489864,136.18863857706788,8.580626673851969,35.43317579990253,0.0333337001502513,epochs=21 best_epoch=11 best_val_loss=0.020267 train_samples=5328,select on mean validation MAE
2026-09-09 22:33:14+0200,LSTM-A3,LSTM (PyTorch),5259,"seq_len=144, hidden=32, 1 layer",2013-11-01 00:00..2013-12-08 23:50,2013-12-09 00:00..2013-12-15 23:50,not evaluated at this step,validation,4513,75.79583360602163,109.52065048622346,7.123481365427285,76.89708059979603,0.0340623999945819,epochs=46 best_epoch=36 best_val_loss=0.009574 train_samples=5328,select on mean validation MAE
2026-09-09 22:36:12+0200,LSTM-B1,LSTM (PyTorch),5161,"seq_len=36, hidden=32, 1 layer",2013-11-01 00:00..2013-12-08 23:50,2013-12-09 00:00..2013-12-15 23:50,not evaluated at this step,validation,4513,104.63354195668892,154.91003043164923,9.08704867161924,21.01388810016215,0.0095998998731374,epochs=35 best_epoch=25 best_val_loss=0.012426 train_samples=5436,select on mean validation MAE
2026-09-09 22:36:12+0200,LSTM-B1,LSTM (PyTorch),5059,"seq_len=36, hidden=32, 1 layer",2013-11-01 00:00..2013-12-08 23:50,2013-12-09 00:00..2013-12-15 23:50,not evaluated at this step,validation,4513,93.12569983957182,133.46003624273797,8.104472261622785,15.348832899704576,0.0103899999521672,epochs=25 best_epoch=15 best_val_loss=0.019463 train_samples=5436,select on mean validation MAE
2026-09-09 22:36:12+0200,LSTM-B1,LSTM (PyTorch),5259,"seq_len=36, hidden=32, 1 layer",2013-11-01 00:00..2013-12-08 23:50,2013-12-09 00:00..2013-12-15 23:50,not evaluated at this step,validation,4513,76.21857273588438,109.2193414168516,7.041865740039978,26.20478639984504,0.0113220000639557,epochs=34 best_epoch=24 best_val_loss=0.009522 train_samples=5436,select on mean validation MAE
2026-09-09 22:36:12+0200,LSTM-B2,LSTM (PyTorch),5161,"seq_len=36, hidden=64, 1 layer",2013-11-01 00:00..2013-12-08 23:50,2013-12-09 00:00..2013-12-15 23:50,not evaluated at this step,validation,17217,108.88037603849769,157.2536288282446,10.057706384389537,25.362723799888045,0.021595699712634,epochs=25 best_epoch=15 best_val_loss=0.012804 train_samples=5436,select on mean validation MAE
2026-09-09 22:36:12+0200,LSTM-B2,LSTM (PyTorch),5059,"seq_len=36, hidden=64, 1 layer",2013-11-01 00:00..2013-12-08 23:50,2013-12-09 00:00..2013-12-15 23:50,not evaluated at this step,validation,17217,89.52728740658218,130.3864466956423,7.465507521427243,20.57214299961925,0.0261187003925442,epochs=25 best_epoch=15 best_val_loss=0.018577 train_samples=5436,select on mean validation MAE
2026-09-09 22:36:12+0200,LSTM-B2,LSTM (PyTorch),5259,"seq_len=36, hidden=64, 1 layer",2013-11-01 00:00..2013-12-08 23:50,2013-12-09 00:00..2013-12-15 23:50,not evaluated at this step,validation,17217,74.69949254295456,106.50518707855908,6.965302160556821,51.36893849959597,0.020664700306952,epochs=61 best_epoch=51 best_val_loss=0.009054 train_samples=5436,select on mean validation MAE
2026-09-09 22:41:36+0200,LSTM-FINAL,LSTM (PyTorch),5161,"seq_len=36, hidden=64, 1 layer",2013-11-01 00:00..2013-12-08 23:50,2013-12-09 00:00..2013-12-15 23:50,2013-12-16 00:00..2013-12-22 23:50,test,17217,86.3797657693731,127.08216980311194,9.753816083094916,16.79962639976293,0.0178445000201463,epochs=25 best_epoch=15 best_val_loss=0.012804 train_samples=5436,frozen; compare with AR and baselines
2026-09-09 22:41:36+0200,LSTM-FINAL,LSTM (PyTorch),5059,"seq_len=36, hidden=64, 1 layer",2013-11-01 00:00..2013-12-08 23:50,2013-12-09 00:00..2013-12-15 23:50,2013-12-16 00:00..2013-12-22 23:50,test,17217,69.79515720275091,100.8254444964204,6.981681009843705,20.08088370040059,0.0220417999662458,epochs=25 best_epoch=15 best_val_loss=0.018577 train_samples=5436,frozen; compare with AR and baselines
2026-09-09 22:41:36+0200,LSTM-FINAL,LSTM (PyTorch),5259,"seq_len=36, hidden=64, 1 layer",2013-11-01 00:00..2013-12-08 23:50,2013-12-09 00:00..2013-12-15 23:50,2013-12-16 00:00..2013-12-22 23:50,test,17217,67.84736230478822,97.23189633029642,7.520152564032134,50.32854579994455,0.0197867997922003,epochs=61 best_epoch=51 best_val_loss=0.009054 train_samples=5436,frozen; compare with AR and baselines
2026-09-09 23:06:33+0200,TCN-A1,TCN (PyTorch),5161,"seq_len=36, channels=16, kernel=3, dilations=1-2-4-8-16-32-64, receptive_field=509, dropout=0.00",2013-11-01 00:00..2013-12-08 23:50,2013-12-09 00:00..2013-12-15 23:50,not evaluated at this step,validation,10305,108.75704246227386,153.18066713465467,10.894028391969918,63.77336229989305,0.0457668998278677,epochs=23 best_epoch=13 best_val_loss=0.012150 train_samples=5436,select on mean validation MAE
2026-09-09 23:06:33+0200,TCN-A1,TCN (PyTorch),5059,"seq_len=36, channels=16, kernel=3, dilations=1-2-4-8-16-32-64, receptive_field=509, dropout=0.00",2013-11-01 00:00..2013-12-08 23:50,2013-12-09 00:00..2013-12-15 23:50,not evaluated at this step,validation,10305,88.55326625668224,125.48023852529364,8.142296448076912,53.42385559994728,0.0555173000320792,epochs=12 best_epoch=2 best_val_loss=0.017205 train_samples=5436,select on mean validation MAE
2026-09-09 23:06:33+0200,TCN-A1,TCN (PyTorch),5259,"seq_len=36, channels=16, kernel=3, dilations=1-2-4-8-16-32-64, receptive_field=509, dropout=0.00",2013-11-01 00:00..2013-12-08 23:50,2013-12-09 00:00..2013-12-15 23:50,not evaluated at this step,validation,10305,75.71393831366939,107.58429844213616,7.473256384698174,65.70102819986641,0.0677368002943694,epochs=15 best_epoch=5 best_val_loss=0.009239 train_samples=5436,select on mean validation MAE
2026-09-09 23:06:33+0200,TCN-A2,TCN (PyTorch),5161,"seq_len=144, channels=16, kernel=3, dilations=1-2-4-8-16-32-64, receptive_field=509, dropout=0.00",2013-11-01 00:00..2013-12-08 23:50,2013-12-09 00:00..2013-12-15 23:50,not evaluated at this step,validation,10305,100.96065909095636,146.34926914986346,9.320122489521378,116.63559630000964,0.2091437997296452,epochs=28 best_epoch=18 best_val_loss=0.011090 train_samples=5328,select on mean validation MAE
2026-09-09 23:06:33+0200,TCN-A2,TCN (PyTorch),5059,"seq_len=144, channels=16, kernel=3, dilations=1-2-4-8-16-32-64, receptive_field=509, dropout=0.00",2013-11-01 00:00..2013-12-08 23:50,2013-12-09 00:00..2013-12-15 23:50,not evaluated at this step,validation,10305,88.38081345958165,122.99560086926036,8.156461989006663,110.73219090001658,0.1684145997278392,epochs=19 best_epoch=9 best_val_loss=0.016530 train_samples=5328,select on mean validation MAE
2026-09-09 23:06:33+0200,TCN-A2,TCN (PyTorch),5259,"seq_len=144, channels=16, kernel=3, dilations=1-2-4-8-16-32-64, receptive_field=509, dropout=0.00",2013-11-01 00:00..2013-12-08 23:50,2013-12-09 00:00..2013-12-15 23:50,not evaluated at this step,validation,10305,73.13945749626932,103.84012562353296,7.122732882892241,144.1826309002936,0.1674796002916991,epochs=26 best_epoch=16 best_val_loss=0.008607 train_samples=5328,select on mean validation MAE
2026-09-09 23:06:33+0200,TCN-A3,TCN (PyTorch),5161,"seq_len=288, channels=16, kernel=3, dilations=1-2-4-8-16-32-64, receptive_field=509, dropout=0.00",2013-11-01 00:00..2013-12-08 23:50,2013-12-09 00:00..2013-12-15 23:50,not evaluated at this step,validation,10305,101.51357012560575,148.9042028744697,8.514609143952388,119.63478359999137,0.3511353996582329,epochs=16 best_epoch=6 best_val_loss=0.011481 train_samples=5184,select on mean validation MAE
2026-09-09 23:06:33+0200,TCN-A3,TCN (PyTorch),5059,"seq_len=288, channels=16, kernel=3, dilations=1-2-4-8-16-32-64, receptive_field=509, dropout=0.00",2013-11-01 00:00..2013-12-08 23:50,2013-12-09 00:00..2013-12-15 23:50,not evaluated at this step,validation,10305,87.47611222248885,123.80289023204594,7.662315367218259,106.55716429976746,0.3033565999940038,epochs=14 best_epoch=4 best_val_loss=0.016748 train_samples=5184,select on mean validation MAE
2026-09-09 23:06:33+0200,TCN-A3,TCN (PyTorch),5259,"seq_len=288, channels=16, kernel=3, dilations=1-2-4-8-16-32-64, receptive_field=509, dropout=0.00",2013-11-01 00:00..2013-12-08 23:50,2013-12-09 00:00..2013-12-15 23:50,not evaluated at this step,validation,10305,73.23621178144914,104.26587830255826,6.846666166711033,157.81388759985566,0.3452952997758984,epochs=25 best_epoch=15 best_val_loss=0.008678 train_samples=5184,select on mean validation MAE
2026-09-09 23:25:18+0200,TCN-B2,TCN (PyTorch),5161,"seq_len=288, channels=32, kernel=3, dilations=1-2-4-8-16-32-64, receptive_field=509, dropout=0.00",2013-11-01 00:00..2013-12-08 23:50,2013-12-09 00:00..2013-12-15 23:50,not evaluated at this step,validation,40577,98.5990963797388,147.4487891395545,8.280933624107174,203.2618976002559,0.5529118999838829,epochs=16 best_epoch=6 best_val_loss=0.011257 train_samples=5184,select on mean validation MAE
2026-09-09 23:25:18+0200,TCN-B2,TCN (PyTorch),5059,"seq_len=288, channels=32, kernel=3, dilations=1-2-4-8-16-32-64, receptive_field=509, dropout=0.00",2013-11-01 00:00..2013-12-08 23:50,2013-12-09 00:00..2013-12-15 23:50,not evaluated at this step,validation,40577,84.43378292316606,121.85319147233685,7.051786193944051,260.7853208999149,0.9438566998578608,epochs=17 best_epoch=7 best_val_loss=0.016225 train_samples=5184,select on mean validation MAE
2026-09-09 23:25:18+0200,TCN-B2,TCN (PyTorch),5259,"seq_len=288, channels=32, kernel=3, dilations=1-2-4-8-16-32-64, receptive_field=509, dropout=0.00",2013-11-01 00:00..2013-12-08 23:50,2013-12-09 00:00..2013-12-15 23:50,not evaluated at this step,validation,40577,71.18492123876173,102.88670460513444,6.656781775875046,597.477949900087,0.6579987998120487,epochs=42 best_epoch=32 best_val_loss=0.008450 train_samples=5184,select on mean validation MAE
2026-09-10 00:52:13+0200,TCN-FINAL,TCN (PyTorch),5161,"seq_len=288, channels=32, kernel=3, dilations=1-2-4-8-16-32-64, receptive_field=509, dropout=0.00",2013-11-01 00:00..2013-12-08 23:50,2013-12-09 00:00..2013-12-15 23:50,2013-12-16 00:00..2013-12-22 23:50,test,40577,88.57755347421578,125.29823405050541,11.331197724159427,250.10572520038113,0.8124970002099872,epochs=16 best_epoch=6 best_val_loss=0.011257 train_samples=5184,frozen; provisional comparison
2026-09-10 00:52:13+0200,TCN-FINAL,TCN (PyTorch),5059,"seq_len=288, channels=32, kernel=3, dilations=1-2-4-8-16-32-64, receptive_field=509, dropout=0.00",2013-11-01 00:00..2013-12-08 23:50,2013-12-09 00:00..2013-12-15 23:50,2013-12-16 00:00..2013-12-22 23:50,test,40577,79.60761301723329,114.32983241070768,7.712987828433892,269.17507970007136,1.0431710998527706,epochs=17 best_epoch=7 best_val_loss=0.016225 train_samples=5184,frozen; provisional comparison
2026-09-10 00:52:13+0200,TCN-FINAL,TCN (PyTorch),5259,"seq_len=288, channels=32, kernel=3, dilations=1-2-4-8-16-32-64, receptive_field=509, dropout=0.00",2013-11-01 00:00..2013-12-08 23:50,2013-12-09 00:00..2013-12-15 23:50,2013-12-16 00:00..2013-12-22 23:50,test,40577,66.8901130654424,96.31431270422726,7.620641834256209,605.1804756997153,0.680226500146091,epochs=42 best_epoch=32 best_val_loss=0.008450 train_samples=5184,frozen; provisional comparison
