square_id,model,MAE,RMSE,MAPE
5161,AR (Selected-Lag),87.94092563903183,129.019076275182,9.059278128101646
5059,AR (Selected-Lag),91.56311319947163,127.52652707592071,9.265782728191335
5259,AR (Selected-Lag),65.80211155459602,92.37623154587317,7.610335286178402
5161,LSTM,86.3797657693731,127.08216980311194,9.753816083094916
5059,LSTM,69.79515720275091,100.8254444964204,6.981681009843705
5259,LSTM,67.84736230478822,97.23189633029642,7.520152564032134
5161,TCN,88.57755347421578,125.29823405050541,11.331197724159427
5059,TCN,79.60761301723329,114.32983241070768,7.712987828433892
5259,TCN,66.8901130654424,96.31431270422726,7.620641834256209
